"Obsojeni polnoletni in mladoletni po obèinah stalnega prebivališèa, Slovenija, letno"

"OBÈINE";"Število obsojenih polnoletnih in mladoletnih oseb 2006";"Število obsojenih polnoletnih in mladoletnih oseb 2007";"Število obsojenih polnoletnih in mladoletnih oseb 2008";"Število obsojenih polnoletnih in mladoletnih oseb 2009";"Število obsojenih polnoletnih in mladoletnih oseb 2010";"Število obsojenih polnoletnih in mladoletnih oseb 2011";"Število obsojenih polnoletnih in mladoletnih oseb 2012";"Število obsojenih polnoletnih in mladoletnih oseb 2013";"Število obsojenih polnoletnih in mladoletnih oseb 2014";"Število obsojenih polnoletnih in mladoletnih oseb 2015";"Število obsojenih polnoletnih in mladoletnih oseb 2016";"Število obsojenih polnoletnih in mladoletnih oseb 2017";"Število obsojenih polnoletnih in mladoletnih oseb 2018";"Število obsojenih polnoletnih in mladoletnih oseb 2019";"Število obsojenih polnoletnih in mladoletnih oseb 2020"
"SLOVENIJA";8630.0;9144.0;9228.0;8453.0;8423.0;7965.0;8825.0;11758.0;9729.0;8241.0;7006.0;6521.0;6324.0;6256.0;5007.0
"Ajdovšèina";53.0;42.0;30.0;27.0;33.0;26.0;56.0;34.0;35.0;30.0;34.0;31.0;43.0;17.0;18.0
"Ankaran/Ancarano";-;-;-;-;-;-;-;-;z;z;4.0;3.0;12.0;5.0;z
"Apaèe";0.0;12.0;19.0;23.0;21.0;19.0;18.0;19.0;18.0;20.0;15.0;7.0;12.0;7.0;8.0
"Beltinci";44.0;32.0;35.0;25.0;25.0;29.0;50.0;48.0;49.0;43.0;26.0;26.0;35.0;28.0;27.0
"Benedikt";8.0;5.0;13.0;15.0;13.0;13.0;10.0;19.0;6.0;7.0;8.0;5.0;8.0;7.0;z
"Bistrica ob Sotli";4.0;z;3.0;4.0;z;z;z;0.0;6.0;6.0;z;z;z;z;6.0
"Bled";39.0;31.0;32.0;26.0;21.0;24.0;20.0;33.0;17.0;22.0;14.0;13.0;6.0;9.0;10.0
"Bloke";z;3.0;0.0;z;4.0;z;z;z;5.0;z;6.0;z;5.0;z;z
"Bohinj";8.0;13.0;18.0;19.0;7.0;7.0;5.0;5.0;11.0;11.0;3.0;14.0;7.0;6.0;9.0
"Borovnica";13.0;13.0;6.0;9.0;5.0;4.0;4.0;13.0;8.0;18.0;11.0;6.0;z;7.0;z
"Bovec";4.0;5.0;8.0;z;6.0;5.0;7.0;8.0;3.0;9.0;4.0;6.0;6.0;4.0;z
"Braslovèe";5.0;3.0;6.0;8.0;7.0;9.0;10.0;13.0;16.0;12.0;10.0;11.0;10.0;14.0;10.0
"Brda";10.0;19.0;7.0;8.0;8.0;9.0;5.0;13.0;9.0;11.0;10.0;11.0;4.0;4.0;4.0
"Brezovica";5.0;15.0;11.0;19.0;14.0;18.0;26.0;36.0;27.0;33.0;11.0;19.0;28.0;13.0;17.0
"Brežice";90.0;141.0;121.0;79.0;74.0;61.0;107.0;103.0;93.0;77.0;58.0;72.0;66.0;43.0;49.0
"Cankova";z;4.0;4.0;z;9.0;5.0;0.0;5.0;7.0;3.0;9.0;4.0;6.0;10.0;z
"Celje";244.0;291.0;244.0;239.0;298.0;211.0;223.0;357.0;337.0;231.0;199.0;191.0;202.0;154.0;137.0
"Cerklje na Gorenjskem";8.0;8.0;8.0;8.0;10.0;6.0;12.0;11.0;15.0;12.0;13.0;9.0;7.0;9.0;11.0
"Cerknica";29.0;34.0;22.0;29.0;15.0;21.0;24.0;42.0;19.0;31.0;14.0;14.0;19.0;18.0;6.0
"Cerkno";z;3.0;5.0;4.0;6.0;6.0;4.0;4.0;8.0;4.0;5.0;10.0;z;6.0;5.0
"Cerkvenjak";4.0;8.0;6.0;7.0;6.0;13.0;13.0;12.0;8.0;8.0;6.0;9.0;4.0;z;4.0
"Cirkulane";0.0;10.0;9.0;9.0;9.0;7.0;5.0;6.0;7.0;z;5.0;7.0;10.0;z;5.0
"Èrenšovci";27.0;29.0;34.0;26.0;25.0;31.0;17.0;30.0;30.0;29.0;17.0;13.0;18.0;10.0;21.0
"Èrna na Koroškem";15.0;11.0;8.0;6.0;18.0;13.0;12.0;21.0;13.0;5.0;6.0;6.0;z;6.0;z
"Èrnomelj";101.0;117.0;96.0;112.0;94.0;97.0;93.0;159.0;137.0;106.0;77.0;86.0;73.0;77.0;65.0
"Destrnik";10.0;17.0;13.0;15.0;8.0;8.0;16.0;12.0;10.0;z;9.0;9.0;4.0;5.0;z
"Divaèa";10.0;6.0;16.0;9.0;10.0;3.0;13.0;14.0;20.0;14.0;13.0;5.0;7.0;4.0;z
"Dobje";0.0;0.0;0.0;0.0;z;z;z;3.0;z;4.0;0.0;z;4.0;z;5.0
"Dobrepolje";z;7.0;9.0;12.0;9.0;z;z;13.0;7.0;8.0;12.0;12.0;6.0;8.0;z
"Dobrna";z;4.0;z;6.0;10.0;6.0;4.0;7.0;5.0;5.0;7.0;11.0;8.0;8.0;z
"Dobrova - Polhov Gradec";z;z;z;6.0;3.0;z;8.0;5.0;5.0;10.0;12.0;3.0;4.0;9.0;z
"Dobrovnik/Dobronak";5.0;6.0;7.0;3.0;10.0;3.0;3.0;6.0;6.0;z;z;11.0;3.0;4.0;z
"Dol pri Ljubljani";5.0;10.0;4.0;6.0;14.0;5.0;5.0;12.0;13.0;20.0;10.0;12.0;7.0;14.0;4.0
"Dolenjske Toplice";7.0;9.0;12.0;13.0;15.0;8.0;13.0;13.0;9.0;10.0;11.0;8.0;7.0;z;5.0
"Domžale";112.0;117.0;179.0;93.0;93.0;111.0;111.0;152.0;109.0;99.0;116.0;83.0;77.0;80.0;54.0
"Dornava";6.0;8.0;14.0;11.0;10.0;11.0;4.0;17.0;3.0;7.0;12.0;7.0;11.0;10.0;7.0
"Dravograd";42.0;30.0;35.0;49.0;43.0;29.0;34.0;43.0;34.0;23.0;19.0;23.0;14.0;11.0;13.0
"Duplek";17.0;23.0;36.0;30.0;31.0;29.0;28.0;46.0;27.0;33.0;26.0;9.0;15.0;10.0;10.0
"Gorenja vas - Poljane";11.0;9.0;6.0;6.0;z;5.0;z;7.0;14.0;13.0;7.0;6.0;11.0;10.0;6.0
"Gorišnica";17.0;19.0;18.0;17.0;16.0;11.0;13.0;23.0;12.0;13.0;4.0;11.0;17.0;14.0;18.0
"Gorje";0.0;0.0;6.0;4.0;4.0;5.0;4.0;5.0;9.0;6.0;5.0;3.0;7.0;6.0;7.0
"Gornja Radgona";60.0;57.0;56.0;61.0;56.0;53.0;47.0;41.0;34.0;39.0;39.0;25.0;27.0;23.0;17.0
"Gornji Grad";0.0;z;z;5.0;z;0.0;5.0;5.0;5.0;3.0;5.0;z;3.0;4.0;8.0
"Gornji Petrovci";5.0;10.0;9.0;3.0;15.0;6.0;11.0;7.0;9.0;11.0;3.0;3.0;6.0;z;z
"Grad";10.0;7.0;6.0;3.0;5.0;4.0;5.0;7.0;0.0;3.0;5.0;z;z;z;z
"Grosuplje";50.0;69.0;93.0;58.0;53.0;103.0;100.0;123.0;134.0;86.0;69.0;85.0;83.0;79.0;58.0
"Hajdina";6.0;11.0;26.0;13.0;17.0;16.0;20.0;27.0;15.0;15.0;21.0;15.0;24.0;15.0;8.0
"Hoèe - Slivnica";13.0;19.0;33.0;40.0;38.0;23.0;28.0;39.0;34.0;50.0;51.0;37.0;31.0;34.0;27.0
"Hodoš/Hodos";4.0;z;7.0;0.0;4.0;0.0;z;0.0;0.0;z;5.0;z;0.0;z;z
"Horjul";z;z;3.0;3.0;3.0;z;z;6.0;6.0;6.0;z;z;z;z;z
"Hrastnik";21.0;44.0;60.0;42.0;56.0;29.0;32.0;46.0;39.0;23.0;22.0;18.0;27.0;24.0;22.0
"Hrpelje - Kozina";10.0;5.0;13.0;17.0;7.0;14.0;12.0;15.0;14.0;18.0;14.0;6.0;3.0;8.0;10.0
"Idrija";16.0;22.0;23.0;10.0;21.0;20.0;21.0;27.0;21.0;18.0;16.0;30.0;16.0;22.0;18.0
"Ig";17.0;20.0;30.0;16.0;23.0;18.0;17.0;36.0;19.0;24.0;13.0;18.0;9.0;6.0;14.0
"Ilirska Bistrica";30.0;42.0;45.0;45.0;29.0;52.0;29.0;39.0;37.0;21.0;27.0;21.0;24.0;37.0;25.0
"Ivanèna Gorica";36.0;17.0;29.0;17.0;19.0;21.0;14.0;43.0;26.0;37.0;35.0;30.0;25.0;26.0;14.0
"Izola/Isola";90.0;83.0;75.0;76.0;74.0;57.0;71.0;108.0;91.0;52.0;45.0;47.0;44.0;34.0;32.0
"Jesenice";147.0;147.0;152.0;100.0;95.0;95.0;102.0;95.0;105.0;59.0;74.0;56.0;67.0;68.0;57.0
"Jezersko";z;z;z;z;0.0;z;z;4.0;0.0;0.0;0.0;z;z;z;z
"Juršinci";5.0;8.0;11.0;9.0;10.0;11.0;5.0;8.0;6.0;7.0;10.0;13.0;6.0;9.0;6.0
"Kamnik";125.0;134.0;102.0;72.0;82.0;104.0;85.0;141.0;92.0;96.0;82.0;72.0;62.0;63.0;36.0
"Kanal";11.0;11.0;9.0;12.0;12.0;8.0;8.0;14.0;13.0;14.0;15.0;11.0;6.0;4.0;7.0
"Kidrièevo";16.0;24.0;25.0;14.0;27.0;23.0;27.0;35.0;21.0;20.0;26.0;12.0;37.0;17.0;10.0
"Kobarid";7.0;4.0;5.0;5.0;7.0;z;3.0;3.0;9.0;6.0;5.0;6.0;3.0;7.0;4.0
"Kobilje";z;z;3.0;z;0.0;0.0;z;5.0;3.0;6.0;z;z;3.0;z;z
"Koèevje";98.0;82.0;152.0;163.0;178.0;149.0;155.0;195.0;179.0;134.0;147.0;99.0;134.0;126.0;100.0
"Komen";9.0;3.0;7.0;z;3.0;3.0;10.0;6.0;7.0;7.0;4.0;4.0;9.0;5.0;6.0
"Komenda";4.0;9.0;5.0;14.0;3.0;10.0;6.0;18.0;15.0;11.0;9.0;7.0;z;5.0;z
"Koper/Capodistria";275.0;244.0;238.0;218.0;217.0;186.0;278.0;343.0;270.0;219.0;183.0;143.0;163.0;106.0;94.0
"Kostanjevica na Krki";0.0;3.0;0.0;4.0;4.0;z;10.0;9.0;5.0;5.0;5.0;4.0;3.0;z;z
"Kostel";z;0.0;z;z;z;z;4.0;3.0;z;z;0.0;z;z;-;z
"Kozje";7.0;6.0;10.0;8.0;3.0;z;9.0;5.0;6.0;7.0;7.0;5.0;3.0;8.0;5.0
"Kranj";241.0;210.0;150.0;124.0;138.0;134.0;199.0;212.0;212.0;147.0;111.0;127.0;133.0;85.0;93.0
"Kranjska Gora";27.0;11.0;15.0;12.0;9.0;11.0;12.0;9.0;13.0;22.0;7.0;6.0;16.0;8.0;7.0
"Križevci";12.0;4.0;6.0;3.0;5.0;11.0;5.0;8.0;8.0;17.0;8.0;9.0;11.0;6.0;5.0
"Krško";186.0;199.0;188.0;118.0;131.0;97.0;143.0;137.0;146.0;125.0;94.0;97.0;111.0;108.0;94.0
"Kungota";11.0;12.0;21.0;19.0;12.0;14.0;15.0;20.0;12.0;19.0;19.0;25.0;13.0;9.0;6.0
"Kuzma";6.0;5.0;10.0;4.0;3.0;8.0;4.0;9.0;6.0;z;3.0;z;5.0;z;z
"Laško";47.0;38.0;46.0;44.0;61.0;34.0;56.0;60.0;45.0;40.0;28.0;30.0;22.0;23.0;18.0
"Lenart";64.0;55.0;61.0;53.0;44.0;35.0;54.0;61.0;52.0;27.0;29.0;20.0;27.0;16.0;10.0
"Lendava/Lendva";74.0;64.0;74.0;62.0;82.0;69.0;71.0;88.0;65.0;57.0;40.0;59.0;65.0;52.0;26.0
"Litija";63.0;75.0;59.0;46.0;65.0;35.0;40.0;70.0;71.0;39.0;39.0;40.0;30.0;30.0;18.0
"Ljubljana";1213.0;1158.0;1085.0;970.0;959.0;969.0;988.0;1757.0;1323.0;1093.0;932.0;809.0;807.0;649.0;596.0
"Ljubno";0.0;z;3.0;z;4.0;4.0;7.0;6.0;9.0;6.0;7.0;5.0;8.0;-;z
"Ljutomer";79.0;85.0;102.0;79.0;82.0;70.0;88.0;78.0;58.0;33.0;39.0;45.0;41.0;34.0;27.0
"Log - Dragomer";0.0;z;4.0;z;z;z;z;10.0;4.0;7.0;7.0;6.0;8.0;10.0;9.0
"Logatec";29.0;32.0;32.0;18.0;33.0;31.0;17.0;50.0;28.0;28.0;29.0;19.0;16.0;13.0;22.0
"Loška dolina";7.0;4.0;z;7.0;7.0;3.0;3.0;7.0;9.0;5.0;0.0;z;7.0;4.0;z
"Loški Potok";4.0;z;z;7.0;4.0;0.0;z;6.0;4.0;6.0;8.0;3.0;3.0;z;z
"Lovrenc na Pohorju";z;5.0;10.0;11.0;12.0;10.0;z;4.0;9.0;5.0;7.0;7.0;4.0;z;11.0
"Luèe";0.0;0.0;0.0;0.0;z;0.0;0.0;0.0;0.0;z;z;z;z;z;z
"Lukovica";8.0;15.0;22.0;9.0;8.0;4.0;13.0;20.0;3.0;18.0;13.0;4.0;8.0;13.0;8.0
"Majšperk";10.0;7.0;10.0;18.0;16.0;11.0;12.0;16.0;11.0;8.0;15.0;11.0;12.0;4.0;5.0
"Makole";0.0;4.0;7.0;9.0;6.0;4.0;4.0;8.0;3.0;7.0;7.0;8.0;11.0;6.0;z
"Maribor";814.0;776.0;805.0;911.0;794.0;783.0;880.0;972.0;840.0;653.0;555.0;533.0;405.0;439.0;366.0
"Markovci";12.0;10.0;24.0;11.0;7.0;12.0;8.0;13.0;6.0;22.0;11.0;5.0;7.0;8.0;9.0
"Medvode";23.0;31.0;38.0;23.0;29.0;30.0;34.0;62.0;38.0;44.0;38.0;24.0;30.0;22.0;17.0
"Mengeš";20.0;19.0;23.0;12.0;21.0;15.0;10.0;23.0;19.0;17.0;15.0;18.0;18.0;7.0;6.0
"Metlika";35.0;32.0;33.0;33.0;24.0;32.0;33.0;80.0;32.0;43.0;54.0;36.0;38.0;39.0;32.0
"Mežica";17.0;17.0;18.0;11.0;6.0;8.0;21.0;13.0;6.0;8.0;14.0;3.0;5.0;10.0;5.0
"Miklavž na Dravskem polju";13.0;20.0;20.0;42.0;27.0;36.0;47.0;57.0;28.0;24.0;15.0;19.0;25.0;14.0;12.0
"Miren - Kostanjevica";15.0;14.0;13.0;6.0;9.0;11.0;7.0;9.0;9.0;10.0;8.0;4.0;9.0;11.0;z
"Mirna";0.0;0.0;0.0;0.0;0.0;0.0;5.0;z;7.0;8.0;z;3.0;7.0;z;z
"Mirna Peè";z;6.0;5.0;3.0;3.0;5.0;5.0;8.0;17.0;6.0;9.0;13.0;11.0;8.0;z
"Mislinja";22.0;14.0;20.0;16.0;19.0;12.0;20.0;23.0;15.0;11.0;7.0;15.0;14.0;10.0;5.0
"Mokronog - Trebelno";0.0;z;0.0;z;z;3.0;17.0;4.0;4.0;8.0;7.0;9.0;3.0;z;5.0
"Moravèe";7.0;11.0;12.0;13.0;4.0;6.0;z;11.0;7.0;8.0;6.0;7.0;8.0;4.0;4.0
"Moravske Toplice";20.0;20.0;21.0;26.0;21.0;23.0;21.0;22.0;22.0;26.0;15.0;15.0;19.0;12.0;14.0
"Mozirje";37.0;22.0;30.0;16.0;24.0;17.0;23.0;21.0;25.0;9.0;9.0;10.0;4.0;4.0;z
"Murska Sobota";221.0;288.0;197.0;145.0;112.0;123.0;140.0;170.0;133.0;99.0;114.0;86.0;85.0;75.0;57.0
"Muta";12.0;8.0;20.0;11.0;17.0;10.0;12.0;6.0;11.0;11.0;9.0;11.0;5.0;12.0;z
"Naklo";6.0;4.0;8.0;10.0;6.0;7.0;15.0;17.0;11.0;8.0;10.0;13.0;9.0;15.0;10.0
"Nazarje";4.0;7.0;0.0;9.0;6.0;4.0;3.0;3.0;8.0;7.0;7.0;3.0;10.0;z;6.0
"Nova Gorica";120.0;116.0;79.0;82.0;97.0;96.0;94.0;104.0;100.0;72.0;77.0;63.0;75.0;57.0;49.0
"Novo mesto";242.0;285.0;219.0;211.0;214.0;171.0;236.0;378.0;357.0;265.0;203.0;199.0;180.0;177.0;116.0
"Odranci";3.0;6.0;6.0;4.0;11.0;3.0;7.0;5.0;4.0;5.0;3.0;3.0;4.0;6.0;5.0
"Oplotnica";12.0;7.0;9.0;5.0;12.0;11.0;7.0;15.0;9.0;z;9.0;9.0;5.0;7.0;6.0
"Ormož";45.0;53.0;50.0;37.0;50.0;46.0;53.0;36.0;21.0;30.0;35.0;41.0;19.0;30.0;21.0
"Osilnica";z;0.0;3.0;z;3.0;0.0;z;0.0;z;0.0;z;z;z;-;-
"Pesnica";30.0;32.0;39.0;41.0;24.0;29.0;25.0;41.0;47.0;31.0;25.0;30.0;31.0;15.0;22.0
"Piran/Pirano";152.0;103.0;76.0;88.0;66.0;73.0;79.0;95.0;107.0;82.0;68.0;74.0;75.0;62.0;47.0
"Pivka";18.0;9.0;19.0;7.0;26.0;23.0;26.0;29.0;18.0;17.0;8.0;11.0;8.0;15.0;5.0
"Podèetrtek";6.0;z;6.0;8.0;5.0;6.0;6.0;6.0;6.0;z;7.0;5.0;7.0;5.0;6.0
"Podlehnik";8.0;8.0;9.0;8.0;7.0;4.0;5.0;6.0;11.0;7.0;5.0;6.0;8.0;9.0;z
"Podvelka";7.0;14.0;14.0;11.0;15.0;13.0;11.0;10.0;6.0;7.0;5.0;8.0;12.0;z;z
"Poljèane";0.0;11.0;12.0;12.0;25.0;9.0;15.0;13.0;15.0;15.0;6.0;17.0;16.0;9.0;6.0
"Polzela";14.0;18.0;21.0;19.0;20.0;15.0;12.0;26.0;28.0;22.0;25.0;14.0;16.0;17.0;25.0
"Postojna";95.0;73.0;89.0;60.0;80.0;61.0;63.0;75.0;79.0;85.0;47.0;35.0;48.0;57.0;40.0
"Prebold";10.0;8.0;7.0;11.0;13.0;7.0;13.0;14.0;15.0;12.0;10.0;12.0;17.0;6.0;8.0
"Preddvor";7.0;8.0;8.0;9.0;5.0;z;8.0;15.0;12.0;11.0;z;7.0;z;z;z
"Prevalje";31.0;16.0;26.0;22.0;15.0;32.0;27.0;30.0;22.0;20.0;21.0;7.0;13.0;5.0;9.0
"Ptuj";147.0;170.0;212.0;174.0;149.0;153.0;120.0;197.0;165.0;116.0;94.0;80.0;78.0;72.0;69.0
"Puconci";15.0;17.0;24.0;25.0;25.0;18.0;20.0;19.0;22.0;15.0;28.0;13.0;24.0;25.0;17.0
"Raèe - Fram";21.0;19.0;26.0;29.0;21.0;26.0;28.0;15.0;17.0;22.0;20.0;21.0;17.0;20.0;10.0
"Radeèe";4.0;7.0;13.0;10.0;10.0;12.0;9.0;18.0;19.0;15.0;11.0;8.0;13.0;7.0;7.0
"Radenci";19.0;26.0;22.0;38.0;20.0;25.0;31.0;34.0;15.0;21.0;21.0;24.0;22.0;21.0;10.0
"Radlje ob Dravi";34.0;22.0;28.0;28.0;21.0;26.0;22.0;41.0;21.0;24.0;15.0;13.0;9.0;5.0;5.0
"Radovljica";69.0;56.0;64.0;37.0;53.0;59.0;66.0;55.0;65.0;48.0;38.0;35.0;37.0;50.0;29.0
"Ravne na Koroškem";53.0;60.0;61.0;62.0;64.0;59.0;72.0;111.0;42.0;54.0;22.0;28.0;29.0;30.0;26.0
"Razkrižje";3.0;z;5.0;z;0.0;z;4.0;z;0.0;3.0;z;z;z;z;z
"Reèica ob Savinji";0.0;0.0;z;0.0;z;0.0;z;z;6.0;5.0;5.0;z;z;4.0;z
"Renèe - Vogrsko";0.0;9.0;14.0;15.0;5.0;15.0;16.0;10.0;9.0;6.0;11.0;6.0;4.0;7.0;8.0
"Ribnica";42.0;52.0;50.0;55.0;31.0;69.0;51.0;84.0;54.0;55.0;43.0;37.0;60.0;25.0;33.0
"Ribnica na Pohorju";0.0;7.0;7.0;6.0;5.0;10.0;6.0;z;z;z;0.0;z;z;z;z
"Rogaška Slatina";40.0;42.0;26.0;31.0;38.0;31.0;52.0;50.0;48.0;23.0;26.0;30.0;20.0;16.0;11.0
"Rogašovci";6.0;16.0;16.0;10.0;13.0;8.0;z;15.0;9.0;13.0;13.0;11.0;9.0;7.0;9.0
"Rogatec";12.0;9.0;6.0;8.0;6.0;6.0;5.0;13.0;10.0;10.0;5.0;6.0;9.0;6.0;6.0
"Ruše";48.0;35.0;43.0;54.0;50.0;54.0;34.0;56.0;43.0;30.0;31.0;35.0;15.0;21.0;26.0
"Selnica ob Dravi";8.0;13.0;17.0;16.0;15.0;17.0;10.0;21.0;12.0;5.0;19.0;17.0;z;10.0;11.0
"Semiè";33.0;41.0;23.0;23.0;17.0;51.0;34.0;52.0;41.0;33.0;30.0;25.0;20.0;16.0;14.0
"Sevnica";72.0;68.0;77.0;58.0;59.0;50.0;45.0;47.0;35.0;58.0;38.0;54.0;27.0;39.0;23.0
"Sežana";46.0;23.0;33.0;27.0;34.0;25.0;35.0;42.0;31.0;43.0;31.0;22.0;31.0;22.0;15.0
"Slovenj Gradec";86.0;101.0;74.0;76.0;67.0;69.0;83.0;87.0;61.0;67.0;41.0;37.0;51.0;32.0;26.0
"Slovenska Bistrica";73.0;96.0;128.0;107.0;134.0;100.0;101.0;105.0;123.0;94.0;77.0;81.0;59.0;62.0;45.0
"Slovenske Konjice";48.0;60.0;61.0;55.0;68.0;88.0;70.0;90.0;61.0;57.0;43.0;38.0;41.0;22.0;26.0
"Sodražica";4.0;5.0;4.0;z;4.0;6.0;4.0;5.0;4.0;6.0;z;3.0;z;4.0;z
"Solèava";0.0;0.0;0.0;0.0;0.0;0.0;0.0;0.0;0.0;z;0.0;z;z;-;-
"Središèe ob Dravi";0.0;3.0;0.0;0.0;z;3.0;z;z;z;0.0;5.0;3.0;5.0;z;z
"Starše";8.0;8.0;12.0;12.0;10.0;15.0;16.0;16.0;10.0;16.0;7.0;14.0;10.0;13.0;7.0
"Straža";0.0;3.0;9.0;13.0;16.0;7.0;14.0;18.0;12.0;16.0;23.0;11.0;8.0;10.0;7.0
"Sveta Ana";6.0;3.0;5.0;7.0;6.0;5.0;14.0;6.0;5.0;16.0;6.0;5.0;5.0;z;z
"Sveta Trojica v Slov. goricah";0.0;7.0;6.0;4.0;3.0;4.0;7.0;3.0;z;6.0;9.0;6.0;4.0;6.0;z
"Sveti Andraž v Slov. goricah";z;0.0;z;z;z;z;z;0.0;z;6.0;z;3.0;4.0;5.0;z
"Sveti Jurij ob Šèavnici";13.0;9.0;9.0;10.0;9.0;8.0;12.0;16.0;14.0;8.0;12.0;8.0;7.0;4.0;z
"Sveti Jurij v Slov. goricah";0.0;z;6.0;8.0;0.0;3.0;3.0;3.0;z;z;4.0;4.0;z;z;z
"Sveti Tomaž";0.0;6.0;7.0;4.0;6.0;10.0;8.0;10.0;z;6.0;5.0;z;4.0;z;6.0
"Šalovci";z;12.0;8.0;7.0;5.0;5.0;7.0;4.0;7.0;z;7.0;3.0;z;-;4.0
"Šempeter - Vrtojba";15.0;9.0;14.0;23.0;14.0;18.0;16.0;22.0;11.0;18.0;10.0;13.0;14.0;4.0;9.0
"Šenèur";8.0;10.0;7.0;7.0;6.0;5.0;15.0;14.0;15.0;8.0;19.0;12.0;9.0;6.0;14.0
"Šentilj";17.0;32.0;36.0;57.0;39.0;29.0;32.0;37.0;29.0;31.0;30.0;22.0;26.0;26.0;19.0
"Šentjernej";24.0;22.0;28.0;35.0;28.0;33.0;44.0;47.0;35.0;50.0;45.0;46.0;39.0;26.0;29.0
"Šentjur";54.0;62.0;55.0;49.0;59.0;29.0;39.0;91.0;68.0;69.0;50.0;42.0;45.0;50.0;37.0
"Šentrupert";0.0;z;3.0;z;z;0.0;3.0;5.0;z;14.0;10.0;4.0;7.0;7.0;z
"Škocjan";34.0;25.0;31.0;30.0;25.0;31.0;32.0;64.0;43.0;35.0;38.0;35.0;29.0;27.0;24.0
"Škofja Loka";53.0;63.0;57.0;45.0;45.0;46.0;58.0;54.0;72.0;68.0;56.0;34.0;39.0;39.0;31.0
"Škofljica";6.0;15.0;19.0;16.0;17.0;15.0;23.0;23.0;26.0;26.0;25.0;24.0;12.0;12.0;20.0
"Šmarje pri Jelšah";53.0;51.0;58.0;44.0;52.0;27.0;26.0;56.0;37.0;21.0;23.0;45.0;22.0;23.0;16.0
"Šmarješke Toplice";0.0;3.0;6.0;3.0;4.0;8.0;8.0;6.0;4.0;4.0;6.0;12.0;4.0;z;z
"Šmartno ob Paki";3.0;9.0;7.0;10.0;6.0;5.0;12.0;12.0;10.0;15.0;13.0;3.0;7.0;z;z
"Šmartno pri Litiji";z;12.0;10.0;10.0;6.0;9.0;3.0;15.0;10.0;11.0;5.0;6.0;10.0;6.0;7.0
"Šoštanj";17.0;18.0;17.0;19.0;21.0;14.0;21.0;20.0;22.0;24.0;31.0;14.0;13.0;9.0;25.0
"Štore";7.0;6.0;13.0;13.0;14.0;12.0;16.0;17.0;20.0;9.0;8.0;14.0;13.0;9.0;8.0
"Tabor";4.0;3.0;0.0;z;z;z;z;4.0;0.0;3.0;3.0;z;3.0;z;z
"Tišina";0.0;5.0;16.0;16.0;9.0;7.0;18.0;19.0;15.0;9.0;15.0;12.0;16.0;16.0;10.0
"Tolmin";31.0;33.0;22.0;16.0;23.0;27.0;20.0;34.0;24.0;26.0;19.0;22.0;19.0;15.0;13.0
"Trbovlje";76.0;128.0;102.0;113.0;110.0;94.0;95.0;142.0;102.0;66.0;57.0;44.0;47.0;49.0;38.0
"Trebnje";60.0;58.0;68.0;53.0;53.0;40.0;47.0;48.0;57.0;43.0;47.0;30.0;47.0;68.0;35.0
"Trnovska vas";z;6.0;6.0;5.0;z;3.0;0.0;z;z;z;3.0;4.0;z;-;z
"Trzin";9.0;9.0;6.0;8.0;9.0;5.0;4.0;17.0;11.0;5.0;6.0;10.0;3.0;z;z
"Tržiè";53.0;59.0;64.0;41.0;49.0;45.0;60.0;51.0;59.0;46.0;34.0;37.0;30.0;40.0;17.0
"Turnišèe";8.0;15.0;14.0;8.0;10.0;10.0;26.0;35.0;24.0;14.0;18.0;18.0;12.0;9.0;11.0
"Velenje";156.0;136.0;137.0;145.0;123.0;122.0;128.0;192.0;141.0;101.0;114.0;98.0;92.0;75.0;84.0
"Velika Polana";3.0;6.0;z;5.0;8.0;6.0;7.0;5.0;z;6.0;3.0;4.0;z;-;z
"Velike Lašèe";3.0;7.0;7.0;3.0;8.0;9.0;8.0;15.0;7.0;8.0;12.0;10.0;4.0;8.0;z
"Veržej";z;4.0;z;z;z;4.0;z;z;z;4.0;5.0;4.0;z;-;z
"Videm";z;4.0;6.0;3.0;3.0;6.0;13.0;14.0;14.0;24.0;18.0;15.0;17.0;15.0;9.0
"Vipava";7.0;12.0;12.0;10.0;5.0;13.0;12.0;13.0;10.0;9.0;7.0;5.0;4.0;8.0;8.0
"Vitanje";9.0;8.0;12.0;z;z;15.0;11.0;14.0;3.0;4.0;6.0;8.0;4.0;z;4.0
"Vodice";z;5.0;5.0;z;7.0;7.0;5.0;10.0;9.0;10.0;9.0;6.0;7.0;7.0;10.0
"Vojnik";18.0;12.0;17.0;26.0;31.0;16.0;18.0;20.0;37.0;23.0;13.0;18.0;17.0;14.0;21.0
"Vransko";3.0;4.0;4.0;5.0;3.0;8.0;4.0;8.0;z;7.0;5.0;7.0;3.0;6.0;5.0
"Vrhnika";55.0;56.0;45.0;32.0;38.0;35.0;19.0;65.0;43.0;48.0;43.0;32.0;29.0;33.0;13.0
"Vuzenica";11.0;3.0;8.0;4.0;12.0;6.0;18.0;11.0;7.0;11.0;7.0;3.0;3.0;5.0;7.0
"Zagorje ob Savi";41.0;62.0;61.0;53.0;67.0;82.0;57.0;98.0;53.0;41.0;33.0;24.0;32.0;41.0;32.0
"Zavrè";z;3.0;z;6.0;6.0;6.0;10.0;5.0;7.0;6.0;z;8.0;z;4.0;z
"Zreèe";18.0;18.0;13.0;15.0;25.0;17.0;19.0;19.0;22.0;20.0;17.0;13.0;16.0;13.0;15.0
"Žalec";82.0;85.0;81.0;90.0;88.0;70.0;66.0;130.0;92.0;83.0;59.0;45.0;54.0;45.0;30.0
"Železniki";10.0;12.0;10.0;5.0;8.0;5.0;10.0;21.0;21.0;11.0;11.0;11.0;6.0;12.0;9.0
"Žetale";3.0;z;3.0;7.0;z;3.0;7.0;4.0;5.0;3.0;3.0;z;6.0;z;z
"Žiri";6.0;8.0;10.0;5.0;z;5.0;4.0;9.0;4.0;9.0;4.0;3.0;4.0;z;7.0
"Žirovnica";10.0;5.0;11.0;8.0;7.0;8.0;7.0;5.0;6.0;5.0;8.0;6.0;7.0;5.0;5.0
"Žužemberk";3.0;12.0;13.0;5.0;6.0;11.0;8.0;9.0;14.0;10.0;8.0;9.0;3.0;z;4.0
"Tujina";536.0;759.0;790.0;811.0;824.0;774.0;938.0;1132.0;987.0;855.0;624.0;732.0;689.0;1274.0;825.0
